nome,interpretacao,estrategia,calculos,resposta_final,nivel_classificacao
Ana,"Thiago trabalha 5 dias por semana, arrecada R$12 por dia (5x12=60). Do total, desconta R$15 para reinvestimento e reparte o restante igualmente entre 3 irmãos.","calcular arrecadação semanal, subtrair gasto com reinvestimento, dividir o valor entre 3 irmãos","12*5=60, 60-15=45, 45/3=15","Cada irmão de Thiago recebeu R$15,00. O cálculo foi justo e bem distribuído.",3
Bruno,"Thiago arrecadou R$12 por dia de segunda a sexta, usou R$15 e dividiu o resto entre os irmãos.","multiplicar 12 por 5, subtrair 15, depois dividir por 3","5x12=60, 60-15=45, 45/3=15",cada irmão recebeu R$15,3
Carla,"Thiago trabalha 5 dias por semana, arrecada R$12 por dia (5x12=60). Do total, desconta R$15 para reinvestimento e reparte o restante igualmente entre 3 irmãos.","calcular arrecadação semanal, subtrair gasto com reinvestimento, dividir o valor entre 3 irmãos","12*5=60, 60-15=45, 45/3=15","Cada irmão de Thiago recebeu R$15,00. O cálculo foi justo e bem distribuído.",3
Daniel,"Thiago arrecadou R$12 por dia de segunda a sexta, usou R$15 e dividiu o resto entre os irmãos.","multiplicar 12 por 5, subtrair 15, depois dividir por 3","5x12=60, 60-15=45, 45/3=15",cada irmão recebeu R$15,3
Eduarda,Thiago ganhou dinheiro e usou uma parte para comprar mais doces,"primeiro calcular quanto ele ganhou, depois quanto sobrou","12x5=60, 60-15=45",cada irmão recebeu 45 reais.,1
Fernando,Thiago ganhou dinheiro e usou uma parte para comprar mais doces,"primeiro calcular quanto ele ganhou, depois quanto sobrou","12x5=60, 60-15=45",cada irmão recebeu 45 reais.,1
Gabriela,Thiago ganhou dinheiro e usou uma parte para comprar mais doces,"primeiro calcular quanto ele ganhou, depois quanto sobrou","12x5=60, 60-15=45",cada irmão recebeu 45 reais.,1
Heitor,"Thiago trabalha 5 dias por semana, arrecada R$12 por dia (5x12=60). Do total, desconta R$15 para reinvestimento e reparte o restante igualmente entre 3 irmãos.","calcular arrecadação semanal, subtrair gasto com reinvestimento, dividir o valor entre 3 irmãos","12*5=60, 60-15=45, 45/3=15","Cada irmão de Thiago recebeu R$15,00. O cálculo foi justo e bem distribuído.",3
Isabela,Thiago ganhou dinheiro e usou uma parte para comprar mais doces,"primeiro calcular quanto ele ganhou, depois quanto sobrou","12x5=60, 60-15=45",cada irmão recebeu 45 reais.,1
João,"Thiago trabalha 5 dias por semana, arrecada R$12 por dia (5x12=60). Do total, desconta R$15 para reinvestimento e reparte o restante igualmente entre 3 irmãos.","calcular arrecadação semanal, subtrair gasto com reinvestimento, dividir o valor entre 3 irmãos","12*5=60, 60-15=45, 45/3=15","Cada irmão de Thiago recebeu R$15,00. O cálculo foi justo e bem distribuído.",3
Karen,Thiago ganhou dinheiro e usou uma parte para comprar mais doces,"primeiro calcular quanto ele ganhou, depois quanto sobrou","12x5=60, 60-15=45",cada irmão recebeu 45 reais.,1
Lucas,"Thiago trabalha 5 dias por semana, arrecada R$12 por dia (5x12=60). Do total, desconta R$15 para reinvestimento e reparte o restante igualmente entre 3 irmãos.","calcular arrecadação semanal, subtrair gasto com reinvestimento, dividir o valor entre 3 irmãos","12*5=60, 60-15=45, 45/3=15","Cada irmão de Thiago recebeu R$15,00. O cálculo foi justo e bem distribuído.",3
Maria,"Thiago arrecadou R$12 por dia de segunda a sexta, usou R$15 e dividiu o resto entre os irmãos.","multiplicar 12 por 5, subtrair 15, depois dividir por 3","5x12=60, 60-15=45, 45/3=15",cada irmão recebeu R$15,3
Nicolas,Thiago ganhou dinheiro e usou uma parte para comprar mais doces,"primeiro calcular quanto ele ganhou, depois quanto sobrou","12x5=60, 60-15=45",cada irmão recebeu 45 reais.,1
Olivia,"Thiago arrecadou R$12 por dia de segunda a sexta, usou R$15 e dividiu o resto entre os irmãos.","multiplicar 12 por 5, subtrair 15, depois dividir por 3","5x12=60, 60-15=45, 45/3=15",cada irmão recebeu R$15,3
Pedro,Thiago ganhou dinheiro e usou uma parte para comprar mais doces,"primeiro calcular quanto ele ganhou, depois quanto sobrou","12x5=60, 60-15=45",cada irmão recebeu 45 reais.,1
Rafaela,ele ganhou dinheiro e comprou coisas,,,,0
Sergio,"Thiago arrecadou R$12 por dia de segunda a sexta, usou R$15 e dividiu o resto entre os irmãos.","multiplicar 12 por 5, subtrair 15, depois dividir por 3","5x12=60, 60-15=45, 45/3=15",cada irmão recebeu R$15,3
Sofia,"Thiago trabalha 5 dias por semana, arrecada R$12 por dia (5x12=60). Do total, desconta R$15 para reinvestimento e reparte o restante igualmente entre 3 irmãos.","calcular arrecadação semanal, subtrair gasto com reinvestimento, dividir o valor entre 3 irmãos","12*5=60, 60-15=45, 45/3=15","Cada irmão de Thiago recebeu R$15,00. O cálculo foi justo e bem distribuído.",3
Tiago,"Thiago arrecadou R$12 por dia de segunda a sexta, usou R$15 e dividiu o resto entre os irmãos.","multiplicar 12 por 5, subtrair 15, depois dividir por 3","5x12=60, 60-15=45, 45/3=15",cada irmão recebeu R$15,3
Ursula,Thiago ganhou dinheiro e usou uma parte para comprar mais doces,"primeiro calcular quanto ele ganhou, depois quanto sobrou","12x5=60, 60-15=45",cada irmão recebeu 45 reais.,1
Vicente,"Thiago arrecadou R$12 por dia de segunda a sexta, usou R$15 e dividiu o resto entre os irmãos.","multiplicar 12 por 5, subtrair 15, depois dividir por 3","5x12=60, 60-15=45, 45/3=15",cada irmão recebeu R$15,3
Wallace,"não entendi muito bem o problema, acho que ele vende doce.",,12 + 15 = 27,cada um ganhou 27 reais.,1
Xenia,"Thiago arrecadou R$12 por dia de segunda a sexta, usou R$15 e dividiu o resto entre os irmãos.","multiplicar 12 por 5, subtrair 15, depois dividir por 3","5x12=60, 60-15=45, 45/3=15",cada irmão recebeu R$15,3
Yara,Thiago ganhou dinheiro e usou uma parte para comprar mais doces,"primeiro calcular quanto ele ganhou, depois quanto sobrou","12x5=60, 60-15=45",cada irmão recebeu 45 reais.,1
Zeca,"Thiago arrecadou R$12 por dia de segunda a sexta, usou R$15 e dividiu o resto entre os irmãos.","multiplicar 12 por 5, subtrair 15, depois dividir por 3","5x12=60, 60-15=45, 45/3=15",cada irmão recebeu R$15,3
Alice,"Thiago arrecadou R$12 por dia de segunda a sexta, usou R$15 e dividiu o resto entre os irmãos.","multiplicar 12 por 5, subtrair 15, depois dividir por 3","5x12=60, 60-15=45, 45/3=15",cada irmão recebeu R$15,3
Bernardo,ele ganhou dinheiro e comprou coisas,talvez dividir o dinheiro entre os irmãos.,60 ÷ 3 = 20,cada irmão recebeu 20 reais.,1
Cintia,Thiago ganhou dinheiro e usou uma parte para comprar mais doces,"primeiro calcular quanto ele ganhou, depois quanto sobrou","12x5=60, 60-15=45",cada irmão recebeu 45 reais.,1
